{"cameraMode":{"drawMode":0,"name":"Shaded","section":"Shading Mode"},"sceneLighting":true,"audioPlay":false,"sceneViewState":{"m_AlwaysRefresh":false,"showFog":true,"showSkybox":true,"showFlares":true,"showImageEffects":true,"showParticleSystems":true,"showVisualEffectGraphs":true,"m_FxEnabled":true},"in2DMode":false,"pivot":{"x":-4.12696647644043,"y":4.207917213439941,"z":8.858282089233399},"rotation":{"x":0.003109278157353401,"y":-0.9913285970687866,"z":0.12808328866958619,"w":0.03949125483632088},"size":3.9274184703826906,"orthographic":false}